FullAddress,Address1,Address2,City,State,ZipCode,mailkey
595 Center Apt. 153,595 Center ,Apt. 153 ,West Stephanie,VT,97575,H-DOG3399079
19732 Karl Run Suite 496,19732 Karl Run ,Suite 496 ,Lake Michael,WI,98761,H-DOG3266139
0741 Sarah Fall,0741 Sarah Fall ,,New Markstad,TN,47427,H-DOG7287500
07569 Amy Viaduct Suite 997,07569 Amy Viaduct ,Suite 997 ,Meghanfort,AR,46759,H-MOM6643714
58570 Wells Lodge,58570 Wells Lodge ,,Angelafurt,WA,59526,H-DOG1905200
70413 Valerie Brooks Suite 452,70413 Valerie Brooks ,Suite 452 ,Gabrielaberg,VT,72507,H-MOM9111011
125 Zachary Ports Apt. 262,125 Zachary Ports ,Apt. 262 ,West Charles,AK,87091,H-MOM6582022
916 Andrade Trail Apt. 661,916 Andrade Trail ,Apt. 661 ,Triciamouth,CA,81252,H-DOG8964903
5135 Tina Manor,5135 Tina Manor ,,Staceyport,OH,92312,H-MOM7101638
36725 Rebecca View Apt. 222,36725 Rebecca View ,Apt. 222 ,Hayesport,VT,35264,H-MOM7274043
281 Dixon Way,281 Dixon Way ,,Alexischester,MI,85468,H-MOM7829680
729 Mary Camp Suite 956,729 Mary Camp ,Suite 956 ,West Meredithton,IN,68178,H-DOG2962864
11390 Alexander Lodge Apt. 868,11390 Alexander Lodge ,Apt. 868 ,Port Alexandria,OR,24406,H-DOG3104897
334 Arias Isle,334 Arias Isle ,,Hollandfurt,MD,68954,H-DOG8869561
92444 Melissa Common Suite 044,92444 Melissa Common ,Suite 044 ,Joannamouth,NE,26595,H-DOG9662975
7125 Robinson Coves Apt. 349,7125 Robinson Coves ,Apt. 349 ,New Stephanieview,HI,52213,H-MOM2385971
91741 Lee Square Apt. 225,91741 Lee Square ,Apt. 225 ,Smithville,VT,75134,H-MOM6452831
4504 Rodriguez Creek Apt. 709,4504 Rodriguez Creek ,Apt. 709 ,East Kenneth,CO,73247,H-DOG8359696
6728 Johnston Expressway,6728 Johnston Expressway ,,East Eric,HI,38602,H-MOM4920845
800 Shelly Manors Apt. 532,800 Shelly Manors ,Apt. 532 ,North Debra,NH,74246,H-MOM1091112
4262 Greer Extension,4262 Greer Extension ,,Gonzalezberg,NE,36263,H-MOM8338388
8345 Weber Lock Suite 015,8345 Weber Lock ,Suite 015 ,West Morgan,ME,30902,H-DOG9192385
59022 Osborne Landing Suite 230,59022 Osborne Landing ,Suite 230 ,Longshire,ND,82355,H-MOM6969849
551 Jacob Lake Suite 700,551 Jacob Lake ,Suite 700 ,East Katherineton,SD,96838,H-MOM2059033
38649 Zachary Viaduct,38649 Zachary Viaduct ,,Rowehaven,KS,43274,H-MOM5414898
887 Meyer Squares,887 Meyer Squares ,,West Michaelland,DE,79402,H-MOM5829229
3825 Morton Mission Apt. 431,3825 Morton Mission ,Apt. 431 ,Brendaton,VT,06851,H-DOG7992231
17625 Jackson Island,17625 Jackson Island ,,Rebeccatown,WI,74481,H-DOG6313081
889 Schwartz Parkway Apt. 267,889 Schwartz Parkway ,Apt. 267 ,Juliahaven,RI,57366,H-DOG8127675
8079 Tammy Union,8079 Tammy Union ,,Nathanshire,WI,94599,H-MOM6478680
41974 Mckee Street Apt. 019,41974 Mckee Street ,Apt. 019 ,Campbellbury,GA,08217,H-DOG4561810
382 Brian Roads Suite 349,382 Brian Roads ,Suite 349 ,Meganburgh,OH,33580,H-MOM3808119
07327 West Hollow Apt. 820,07327 West Hollow ,Apt. 820 ,Port William,OK,64951,H-DOG4723005
32842 Robinson Pines,32842 Robinson Pines ,,New Steveland,NM,41096,H-DOG2122222
19747 Hensley Spring,19747 Hensley Spring ,,Laurenfurt,MN,65156,H-MOM9705229
4162 James Throughway Apt. 359,4162 James Throughway ,Apt. 359 ,New Crystalport,MI,44361,H-DOG8103289
18018 Shaw Viaduct Suite 342,18018 Shaw Viaduct ,Suite 342 ,New John,ND,88650,H-DOG4347993
2581 Monique Forks Suite 325,2581 Monique Forks ,Suite 325 ,New Steven,MD,40499,H-DOG5706906
68731 Perez Prairie Suite 711,68731 Perez Prairie ,Suite 711 ,Smithbury,WY,60330,H-DOG9479753
09879 Andrew Shore Apt. 999,09879 Andrew Shore ,Apt. 999 ,Alexanderside,MO,60695,H-DOG3317857
8242 Martinez Inlet,8242 Martinez Inlet ,,Anthonyberg,GA,28287,H-MOM6985952
8891 Samuel Lodge Suite 851,8891 Samuel Lodge ,Suite 851 ,Antoniobury,DC,61210,H-MOM4153351
11165 Bates Locks,11165 Bates Locks ,,Christophermouth,SC,19989,H-DOG2125077
139 Edward Village Suite 214,139 Edward Village ,Suite 214 ,Petersonfort,RI,41220,H-DOG9950736
4273 Alisha Viaduct,4273 Alisha Viaduct ,,Wallaceland,KY,92286,H-MOM1987289
7674 Hale Extension Apt. 815,7674 Hale Extension ,Apt. 815 ,Gonzalezview,UT,00629,H-DOG1720918
0113 Michael Meadows Suite 433,0113 Michael Meadows ,Suite 433 ,Lesliefort,MI,52939,H-DOG9035132
680 Shields Ways Apt. 451,680 Shields Ways ,Apt. 451 ,West Rebeccaland,CA,40000,H-MOM1779676
PSC 4888 Box 7071,PSC 4888 ,Box 7071 ,APO,AP,50873,H-MOM1686060
1720 Kimberly Pines,1720 Kimberly Pines ,,New Christineshire,MA,38666,H-DOG3371873
2759 Stephen Vista Suite 239,2759 Stephen Vista ,Suite 239 ,South Gregorymouth,OR,91556,H-DOG5362496
000 Smith Shore Suite 489,000 Smith Shore ,Suite 489 ,East Ronaldhaven,SC,49436,H-MOM2033648
01106 Cantu Fall South,01106 Cantu Fall South ,,Wesleyland,RI,63529,H-DOG3220818
90721 Williams Mountain,90721 Williams Mountain ,,Crosshaven,UT,74334,H-DOG8071257
6268 Wright Hills East,6268 Wright Hills East ,,Nataliestad,OR,87389,H-MOM6081143
7437 Stephanie Walks,7437 Stephanie Walks ,,Lake Melissa,TX,53388,H-DOG4211424
580 Kevin Field Suite 736,580 Kevin Field ,Suite 736 ,Kathleenstad,MD,88347,H-DOG4910293
08962 Nicole Crossroad Suite 789,08962 Nicole Crossroad ,Suite 789 ,Davidburgh,TN,06868,H-DOG4644588
5980 Mark Curve Apt. 846,5980 Mark Curve ,Apt. 846 ,South Brianmouth,MA,61950,H-DOG7656398
270 Amanda Square,270 Amanda Square ,,Copelandton,MO,54225,H-MOM4535341
40590 Bush Ford,40590 Bush Ford ,,Mclaughlinfort,CO,60788,H-MOM2047640
USNS Taylor,USNS Taylor ,,FPO,AE,47767,H-DOG1207577
79364 Rhonda Orchard Suite 967,79364 Rhonda Orchard ,Suite 967 ,North Lorifurt,VT,90256,H-MOM3003586
670 Torres Square Suite 953,670 Torres Square ,Suite 953 ,Walterston,IN,27868,H-DOG7828827
4743 Chang Corners South,4743 Chang Corners South ,,Patriciaberg,DE,98388,H-MOM7917193
288 Taylor Harbors Suite 876,288 Taylor Harbors ,Suite 876 ,New Carrie,AL,60075,H-MOM8997759
2052 Richard Heights Apt. 077,2052 Richard Heights ,Apt. 077 ,Wayneton,SD,27269,H-MOM9515356
003 Timothy Circles,003 Timothy Circles ,,Brianatown,OH,65600,H-MOM9689969
19915 Katherine Crossroad Apt. 643,19915 Katherine Crossroad ,Apt. 643 ,Aliciafurt,ME,68888,H-MOM5629590
9258 Wright Junction Suite 352,9258 Wright Junction ,Suite 352 ,South Nicholasmouth,UT,83687,H-DOG8352573
1662 Dustin Locks,1662 Dustin Locks ,,Thomasstad,OR,90345,H-DOG7590709
96199 Deborah Ramp,96199 Deborah Ramp ,,Johnmouth,OK,11360,H-DOG9898075
023 Morales Streets Apt. 178,023 Morales Streets ,Apt. 178 ,Abbottborough,NJ,87923,H-DOG4975502
5061 Lori Forge Apt. 055,5061 Lori Forge ,Apt. 055 ,Lake Erik,LA,12208,H-MOM3510551
114 Green Fork,114 Green Fork ,,Joycefort,TN,77530,H-DOG5952827
9226 Jason Land Apt. 590,9226 Jason Land ,Apt. 590 ,West Lisa,CA,84115,H-DOG7493910
76077 Gonzalez Glen,76077 Gonzalez Glen ,,North Jennifer,MN,70871,H-MOM3634908
338 April Creek,338 April Creek ,,Johnland,HI,10720,H-MOM3706510
USCGC Johnson,USCGC Johnson ,,FPO,AP,32625,H-DOG9573339
530 Melanie Gardens Suite 288,530 Melanie Gardens ,Suite 288 ,New Brian,MS,16830,H-DOG9900790
75718 Amanda Forges Apt. 824,75718 Amanda Forges ,Apt. 824 ,Lake Josephbury,OR,35740,H-MOM9123496
97411 Angie Bridge,97411 Angie Bridge ,,Benjaminport,NM,57655,H-DOG4523937
73243 Cheryl Estates,73243 Cheryl Estates ,,Thompsonberg,MO,21329,H-DOG1742988
898 Williams Falls East,898 Williams Falls East ,,Maryfort,KS,93654,H-MOM5745864
6764 Ortega Loop Suite 641,6764 Ortega Loop ,Suite 641 ,Lauraside,DE,92067,H-MOM4385184
7823 Huber Vista Suite 231,7823 Huber Vista ,Suite 231 ,Aaronfort,LA,74264,H-MOM1716095
52128 Brown Cliff Suite 650,52128 Brown Cliff ,Suite 650 ,New Roberttown,WI,71750,H-MOM4069577
16188 Anna Mountain Suite 651,16188 Anna Mountain ,Suite 651 ,New Monicamouth,NE,95121,H-MOM1693826
05911 Saunders Road Apt. 483,05911 Saunders Road ,Apt. 483 ,Joneston,IA,36190,H-MOM8177912
3790 Williams Green East,3790 Williams Green East ,,Barrymouth,NC,50922,H-DOG9189348
8076 Erica Summit Suite 358,8076 Erica Summit ,Suite 358 ,South Joseph,DE,58983,H-MOM4263818
546 Whitney Crossroad Suite 975,546 Whitney Crossroad ,Suite 975 ,Lake Sandraport,ME,72275,H-MOM6990876
59313 Curtis Manor Suite 487,59313 Curtis Manor ,Suite 487 ,West Kelly,AR,21021,H-DOG6600882
31385 Garcia Fords Suite 998,31385 Garcia Fords ,Suite 998 ,Port Jo,MN,96360,H-DOG1963852
041 Barbara Fields Suite 702,041 Barbara Fields ,Suite 702 ,South Kellybury,CT,13879,H-MOM5859364
6718 Baker Throughway Apt. 139,6718 Baker Throughway ,Apt. 139 ,Nicholashaven,MT,94553,H-DOG7253906
3316 Rodriguez Run,3316 Rodriguez Run ,,Justinmouth,NE,64353,H-MOM4997557
USNV Waller,USNV Waller ,,FPO,AP,47200,H-MOM8066915
885 Daugherty Fords Apt. 296,885 Daugherty Fords ,Apt. 296 ,East Jonathanchester,LA,70497,H-MOM7152980
2440 Andrew Causeway Suite 698,2440 Andrew Causeway ,Suite 698 ,Port Kimville,ID,36754,H-DOG2568388
872 Robert Turnpike Apt. 371,872 Robert Turnpike ,Apt. 371 ,West Cody,NH,68086,H-MOM1532660
PSC 2489 Box 4137,PSC 2489 ,Box 4137 ,APO,AP,72733,H-DOG6027636
236 Sanders Mountains,236 Sanders Mountains ,,New Jenniferport,AR,60193,H-DOG6501686
144 Misty Parkway Suite 779,144 Misty Parkway ,Suite 779 ,Lake Dennisberg,HI,80338,H-DOG1310874
68955 Lydia Village,68955 Lydia Village ,,South Michael,WI,28322,H-DOG4121452
7059 Randall Points Suite 373,7059 Randall Points ,Suite 373 ,Port Julia,PA,39055,H-DOG5374775
862 Campos Cliff Port,862 Campos Cliff Port ,,Miguel,MA,58281,H-DOG9928423
018 Victor Wall Suite 988,018 Victor Wall ,Suite 988 ,Michelleside,VA,72193,H-MOM1306448
7421 Miles Light Suite 597,7421 Miles Light ,Suite 597 ,Port Dwaynemouth,SD,60055,H-MOM5922607
2347 Cole Views,2347 Cole Views ,,Valeriemouth,ND,38085,H-DOG2101718
68328 Brown Mountains Apt. 637,68328 Brown Mountains ,Apt. 637 ,North Alison,KS,97638,H-MOM7147824
016 Kristina Camp Suite 310,016 Kristina Camp ,Suite 310 ,Markport,IL,12023,H-DOG4691968
1310 Johnson Center Suite 014,1310 Johnson Center ,Suite 014 ,South Kimberlyport,NV,35245,H-DOG7095367
7372 Bradley Fall Apt. 606,7372 Bradley Fall ,Apt. 606 ,Lindseymouth,CT,23094,H-MOM7935887
5553 Hopkins Estates Apt. 848,5553 Hopkins Estates ,Apt. 848 ,Port Victoriachester,PA,42052,H-MOM7813418
16184 Evans Ferry,16184 Evans Ferry ,,Mayburgh,MI,01422,H-MOM2694153
1708 Juan Summit Suite 908,1708 Juan Summit ,Suite 908 ,Lake Jenniferside,NC,36325,H-DOG4207366
486 Madeline Pine Suite 297,486 Madeline Pine ,Suite 297 ,East Reginaldberg,MT,56348,H-DOG3720771
560 Daniel Lake Apt. 832,560 Daniel Lake ,Apt. 832 ,South Mercedesmouth,DC,73700,H-MOM7483290
20272 Jessica Pine Apt. 865,20272 Jessica Pine ,Apt. 865 ,East Mark,NM,91386,H-MOM9080669
295 Williams Wall,295 Williams Wall ,,Oliverland,MO,00886,H-DOG7984258
128 Crystal Walks Suite 563,128 Crystal Walks ,Suite 563 ,Kristinaton,WY,62232,H-MOM5268017
43258 Price Meadows Apt. 527,43258 Price Meadows ,Apt. 527 ,Lake Melissaton,MA,41381,H-MOM9879200
302 Middleton River Apt. 651,302 Middleton River ,Apt. 651 ,Port Gary,MS,40537,H-MOM7565319
283 Jonathan Walk,283 Jonathan Walk ,,Lake Dannyhaven,NE,20859,H-DOG6904396
540 Lamb Mount Suite 026,540 Lamb Mount ,Suite 026 ,East Ryanton,MD,48439,H-DOG3551800
44373 Jasmine Tunnel Suite 680,44373 Jasmine Tunnel ,Suite 680 ,New Allisonland,MO,13960,H-DOG9526442
755 Natalie Mill,755 Natalie Mill ,,Susanview,CA,25268,H-MOM7498790
0554 Chapman Freeway Apt. 015,0554 Chapman Freeway ,Apt. 015 ,Jensenton,VA,22459,H-DOG5065244
84209 Figueroa Tunnel Apt. 563,84209 Figueroa Tunnel ,Apt. 563 ,Port Davidberg,CO,55742,H-MOM4470734
752 Bridges Drives Apt. 569,752 Bridges Drives ,Apt. 569 ,South Richardton,WA,47602,H-DOG8586088
157 Greer Avenue Suite 464,157 Greer Avenue ,Suite 464 ,Lake Alice,CA,80644,H-MOM4445246
PSC 8157 Box 9165,PSC 8157 ,Box 9165 ,APO,AA,83032,H-DOG7164276
06334 Mitchell Extensions Suite 766,06334 Mitchell Extensions ,Suite 766 ,North Jonathanview,ID,94488,H-DOG4515387
122 Medina Terrace,122 Medina Terrace ,,Masonport,NC,27332,H-DOG5107741
609 Jamie Port Suite 005,609 Jamie Port ,Suite 005 ,Kelseyfurt,MA,35218,H-DOG7634909
USNS Cameron,USNS Cameron ,,FPO,AP,48549,H-MOM6828472
2980 Michael Passage,2980 Michael Passage ,,Russellbury,VT,93464,H-DOG5720213
18639 Barry Estate Apt. 289,18639 Barry Estate ,Apt. 289 ,Ortizmouth,KS,54571,H-MOM6971409
447 Darrell Road Port,447 Darrell Road Port ,,Raymond,OH,33405,H-MOM1947025
882 Stevens Plaza,882 Stevens Plaza ,,Emilyfurt,AL,06606,H-DOG8738268
PSC 6885 Box 1392,PSC 6885 ,Box 1392 ,APO,AA,69098,H-MOM9096411
980 Jill Parks,980 Jill Parks ,,Morenochester,KY,18625,H-MOM2612356
62506 Moore Islands,62506 Moore Islands ,,Smithmouth,KS,01330,H-DOG2271463
298 Crystal Road South,298 Crystal Road South ,,Danielburgh,WA,04363,H-MOM1641578
0109 Fields Brook Apt. 111,0109 Fields Brook ,Apt. 111 ,West Lisa,OR,46949,H-DOG5150686
2794 Bruce Ramp,2794 Bruce Ramp ,,Lake Jacobberg,SD,80155,H-DOG1252693
238 Richard Cliffs South,238 Richard Cliffs South ,,Kathleenstad,WI,72334,H-DOG7944882
163 Christopher Forest Suite 492,163 Christopher Forest ,Suite 492 ,North Bethany,MI,73712,H-DOG9902467
76705 Shelly Row Suite 169,76705 Shelly Row ,Suite 169 ,Richardchester,ME,28027,H-DOG7833394
172 Andrew Causeway,172 Andrew Causeway ,,Rayfurt,DE,94319,H-DOG3835431
41529 Gentry Prairie,41529 Gentry Prairie ,,South Natalie,UT,58004,H-DOG2577723
76470 Taylor Courts Suite 244,76470 Taylor Courts ,Suite 244 ,Joshuamouth,AK,48798,H-DOG3642859
78536 Garcia Port Apt. 730,78536 Garcia Port ,Apt. 730 ,North Sheilamouth,OK,71885,H-MOM5326885
3380 Michael Court Apt. 435,3380 Michael Court ,Apt. 435 ,South Mariahaven,AZ,81452,H-MOM6903691
31770 Melissa Plaza Apt. 596,31770 Melissa Plaza ,Apt. 596 ,Andersonshire,IL,74831,H-MOM1034247
724 Armstrong View,724 Armstrong View ,,Port Christopherport,AK,22865,H-MOM3495225
20874 Bruce Way Apt. 980,20874 Bruce Way ,Apt. 980 ,New Julieton,NM,98295,H-DOG8589386
1652 Heather Creek,1652 Heather Creek ,,Beckerside,IN,10856,H-DOG1747080
587 Donna Glen Suite 091,587 Donna Glen ,Suite 091 ,Pottermouth,CT,47424,H-DOG9276358
736 Megan Street Apt. 205,736 Megan Street ,Apt. 205 ,New Jadetown,WV,72473,H-DOG9393572
9428 Brown Shores,9428 Brown Shores ,,New Tammyton,PA,17357,H-MOM5057773
56777 Katherine Fords,56777 Katherine Fords ,,Nicholstown,WA,52723,H-DOG6137768
371 Nichols Groves,371 Nichols Groves ,,Joelberg,TX,93919,H-MOM2650841
6251 Frank Extension Apt. 812,6251 Frank Extension ,Apt. 812 ,Port Michaelfurt,HI,37082,H-DOG3937942
1724 Tiffany Ways Apt. 167,1724 Tiffany Ways ,Apt. 167 ,Thomashaven,NH,48778,H-MOM2726577
0953 Warner Glen Suite 764,0953 Warner Glen ,Suite 764 ,Robertsonchester,DC,64197,H-DOG9303292
3751 Willis Island,3751 Willis Island ,,West Jerry,RI,80953,H-MOM6808132
650 Rebecca Flat,650 Rebecca Flat ,,Bartonburgh,NM,90682,H-DOG5568309
PSC 6906 Box 4738,PSC 6906 ,Box 4738 ,APO,AA,59180,H-DOG9148367
5751 Kathy Green Suite 125,5751 Kathy Green ,Suite 125 ,Roymouth,NY,90502,H-MOM6137734
42270 Martin Prairie,42270 Martin Prairie ,,New Leah,MD,52578,H-DOG7075977
29448 William Extension Apt. 997,29448 William Extension ,Apt. 997 ,West Jenniferburgh,NC,04569,H-DOG3838381
0761 Zachary Trafficway Port,0761 Zachary Trafficway Port ,,Kennethstad,WA,96009,H-MOM7085503
45196 Megan Bridge,45196 Megan Bridge ,,West Sandra,CT,15116,H-MOM6511635
91489 Julia Way Apt. 077,91489 Julia Way ,Apt. 077 ,Lake Joseph,ID,33256,H-DOG6284852
18695 Gonzalez Knolls Port,18695 Gonzalez Knolls Port ,,Brianland,AL,10220,H-MOM7623641
932 Pena Throughway,932 Pena Throughway ,,Matthewport,IA,40680,H-DOG4852051
PSC 9313 Box 2864,PSC 9313 ,Box 2864 ,APO,AE,33054,H-DOG4046935
8908 Erica Crossing Suite 291,8908 Erica Crossing ,Suite 291 ,North Vanessa,NE,45716,H-DOG1124595
16922 Hendrix Lane Apt. 531,16922 Hendrix Lane ,Apt. 531 ,Wilsonmouth,MN,74002,H-DOG6035168
USNS Burns,USNS Burns ,,FPO,AA,09860,H-MOM8416628
83357 Robin Well Apt. 190,83357 Robin Well ,Apt. 190 ,East Christopherborough,AK,08606,H-MOM8401301
45577 Juarez Circle,45577 Juarez Circle ,,Marthamouth,NV,05894,H-DOG4021560
960 Lori Overpass Port,960 Lori Overpass Port ,,Veronica,NV,95892,H-MOM4348375
73231 Patterson Square,73231 Patterson Square ,,North Jennifer,TX,21886,H-MOM7255996
2126 Morgan Terrace Suite 288,2126 Morgan Terrace ,Suite 288 ,Brockchester,OR,53412,H-MOM4567011
7189 Morgan Overpass,7189 Morgan Overpass ,,Robertfurt,OH,19494,H-DOG4175053
8394 Mark Motorway Suite 350,8394 Mark Motorway ,Suite 350 ,Staceyhaven,AL,37874,H-DOG5563187
5301 Stewart Hill North,5301 Stewart Hill North ,,Brookeview,AZ,36879,H-DOG6676976
427 Moore Squares Apt. 818,427 Moore Squares ,Apt. 818 ,East Donaldville,MA,63693,H-MOM9774253
USCGC Logan,USCGC Logan ,,FPO,AE,53574,H-MOM2745164
1014 David Pines Apt. 398,1014 David Pines ,Apt. 398 ,West Mistymouth,MN,27490,H-MOM6100845
84190 Soto Tunnel Apt. 211,84190 Soto Tunnel ,Apt. 211 ,North Johntown,WV,37139,H-DOG8866232
467 Suarez Island,467 Suarez Island ,,West Rachelbury,KY,49564,H-MOM1221179
PSC 4242 Box 9030,PSC 4242 ,Box 9030 ,APO,AP,43786,H-MOM7584192
2960 Hernandez Branch Apt. 520,2960 Hernandez Branch ,Apt. 520 ,Alexanderton,VT,67671,H-DOG3869534
421 Dickson Track,421 Dickson Track ,,Longhaven,NJ,41369,H-MOM4960008
274 Wong Manors Apt. 513,274 Wong Manors ,Apt. 513 ,North Melinda,WI,32328,H-DOG1884062
112 Mclaughlin Prairie Suite 941,112 Mclaughlin Prairie ,Suite 941 ,New Cameronfort,MD,88026,H-MOM9831671
8096 Howard Vista,8096 Howard Vista ,,Stewartmouth,AK,33004,H-DOG1935067
02979 Munoz Wall East,02979 Munoz Wall East ,,Kelly,WV,22338,H-MOM3692652
263 Lee Circle West,263 Lee Circle West ,,Jeffrey,SD,85878,H-DOG9497374
95708 Kelley Track,95708 Kelley Track ,,Donnaborough,VT,97373,H-DOG5368910
70362 Fox Brooks Apt. 437,70362 Fox Brooks ,Apt. 437 ,West Vincentville,MO,42748,H-MOM1747323
24540 Jennifer Stravenue Suite 658,24540 Jennifer Stravenue ,Suite 658 ,Molinabury,RI,83946,H-MOM1607489
0150 Jacob Creek,0150 Jacob Creek ,,Simonbury,OK,93473,H-MOM9488495
4148 Mcdaniel Mountain Apt. 297,4148 Mcdaniel Mountain ,Apt. 297 ,Darrellfurt,AR,40984,H-MOM7137448
9667 Sarah Cove,9667 Sarah Cove ,,New Joshua,NH,35497,H-DOG2261019
9512 Elizabeth Cliffs,9512 Elizabeth Cliffs ,,Davismouth,AK,55665,H-MOM3289043
7338 Kimberly Gateway,7338 Kimberly Gateway ,,Carrieborough,UT,65034,H-DOG2975238
8497 Moore Trail Suite 138,8497 Moore Trail ,Suite 138 ,Jamesberg,ID,48729,H-DOG7824576
65422 Anderson Lights Suite 257,65422 Anderson Lights ,Suite 257 ,Walshhaven,AL,26414,H-MOM1725421
07651 Shawn Port Suite 868,07651 Shawn Port ,Suite 868 ,Port Peter,VT,66849,H-MOM7045079
0720 Meza Camp,0720 Meza Camp ,,Richardview,TN,37901,H-DOG3620238
3604 Phillips Fall Apt. 691,3604 Phillips Fall ,Apt. 691 ,Jessicaburgh,CT,81499,H-DOG6908262
92217 Nathan Overpass Apt. 874,92217 Nathan Overpass ,Apt. 874 ,Fosterburgh,FL,91001,H-DOG4914584
27973 Steven Way Apt. 007,27973 Steven Way ,Apt. 007 ,Cookborough,VT,67011,H-DOG3493008
6748 Crystal Overpass Suite 962,6748 Crystal Overpass ,Suite 962 ,Lake Amytown,TN,60382,H-DOG3170539
02420 Sarah Stravenue Apt. 914,02420 Sarah Stravenue ,Apt. 914 ,Michellemouth,MT,76382,H-DOG6562884
7272 Danny Streets,7272 Danny Streets ,,Christianchester,CO,57142,H-DOG5590452
29893 Estrada Well,29893 Estrada Well ,,Lake Josephfort,VT,02623,H-MOM4306851
394 Rachel Estate Apt. 012,394 Rachel Estate ,Apt. 012 ,Joshuamouth,OH,62757,H-MOM6127962
1881 Steven Pike Apt. 583,1881 Steven Pike ,Apt. 583 ,Edwardsberg,IA,45456,H-MOM7081743
8584 Kelly Cliff,8584 Kelly Cliff ,,New Harold,NV,79513,H-MOM3658614
84457 Johnson Manors Suite 635,84457 Johnson Manors ,Suite 635 ,West Christopher,PA,17203,H-DOG5332195
35840 Angie Throughway,35840 Angie Throughway ,,West Katherine,NV,41637,H-MOM3706863
6332 Hughes Estates West,6332 Hughes Estates West ,,Kathleenview,KY,80922,H-MOM2114652
97552 Howe Forge,97552 Howe Forge ,,Jenniferland,NC,50192,H-MOM5338773
492 Clark Springs West,492 Clark Springs West ,,Marcusport,OH,33779,H-MOM8612993
799 House Mall Apt. 252,799 House Mall ,Apt. 252 ,Port Scott,AK,94138,H-MOM5386984
18606 Hall Causeway,18606 Hall Causeway ,,New Dianamouth,CA,63357,H-DOG5070826
213 Henry Cliff,213 Henry Cliff ,,Lisafort,CA,14577,H-MOM1754873
0752 David Junctions Apt. 753,0752 David Junctions ,Apt. 753 ,Jacksonbury,KY,76324,H-DOG7535773
3226 John Road Apt. 046,3226 John Road ,Apt. 046 ,New Stuartborough,ME,66866,H-MOM2803887
738 Samantha Knolls,738 Samantha Knolls ,,North Daisy,AL,34683,H-MOM9887910
USS Davenport,USS Davenport ,,FPO,AE,51548,H-MOM5704888
47789 Elizabeth Mills West,47789 Elizabeth Mills West ,,Thomashaven,MO,82669,H-MOM1060484
121 Barr Roads,121 Barr Roads ,,Jonathanport,WY,45798,H-MOM8403178
USS Smith,USS Smith ,,FPO,AP,60012,H-MOM4356269
9933 Michael Highway Apt. 851,9933 Michael Highway ,Apt. 851 ,North Emily,DC,88143,H-DOG3976909
USNV Torres,USNV Torres ,,FPO,AP,03228,H-MOM4400248
75741 Miller Plaza Apt. 459,75741 Miller Plaza ,Apt. 459 ,South Jessica,DE,31589,H-DOG4660146
75229 Peter Club,75229 Peter Club ,,Brookebury,MI,53814,H-MOM5117819
999 Kathleen Summit Suite 822,999 Kathleen Summit ,Suite 822 ,Katieborough,SD,82325,H-MOM3414883
21744 John Forest South,21744 John Forest South ,,Michellehaven,WY,64898,H-MOM8335254
20219 Snyder Alley Suite 012,20219 Snyder Alley ,Suite 012 ,West Gregory,LA,04458,H-DOG6233270
0154 Graham Island,0154 Graham Island ,,Joshuaburgh,WV,36470,H-MOM1499371
4383 Randall Summit,4383 Randall Summit ,,Shawnmouth,SD,97871,H-DOG7407225
4828 Frazier Stravenue,4828 Frazier Stravenue ,,East Jillianmouth,NC,81982,H-MOM6247530
21871 Gardner Valleys,21871 Gardner Valleys ,,Lake Michael,HI,12215,H-MOM5635625
02155 Chambers Dale Apt. 339,02155 Chambers Dale ,Apt. 339 ,West Danielshire,NM,17799,H-DOG8731982
571 Kelly Expressway,571 Kelly Expressway ,,Jennifershire,WI,49044,H-MOM2428429
475 Watson Points Suite 799,475 Watson Points ,Suite 799 ,Smithburgh,TN,39777,H-MOM6680512
58641 Jerry Mountain,58641 Jerry Mountain ,,Hooverfort,WY,38030,H-MOM8506824
7769 Lopez River,7769 Lopez River ,,Lake Mark,KS,21842,H-MOM1098171
27124 Porter Villages East,27124 Porter Villages East ,,Mariahland,NE,02342,H-MOM7239339
46326 Smith Cliff South,46326 Smith Cliff South ,,Patricia,GA,83744,H-DOG3554363
430 Amber Radial,430 Amber Radial ,,East William,VT,14640,H-MOM2240466
993 Ray Orchard Suite 314,993 Ray Orchard ,Suite 314 ,Reyesberg,SC,27927,H-DOG3005349
75728 Douglas Fort,75728 Douglas Fort ,,Leehaven,CA,38426,H-DOG8989634
3308 Jones Lodge,3308 Jones Lodge ,,Lake Erinport,MN,97121,H-DOG4189118
42211 Young Mall,42211 Young Mall ,,Lake William,LA,24905,H-DOG3718963
728 Lopez Parkways Apt. 406,728 Lopez Parkways ,Apt. 406 ,Ronnieshire,IA,75828,H-DOG6789627
7826 Allen Trace,7826 Allen Trace ,,Riveraview,MS,94941,H-MOM2532419
797 Ralph Fall Suite 548,797 Ralph Fall ,Suite 548 ,Amandaberg,MI,66253,H-DOG8257336
239 Linda Ways Suite 828,239 Linda Ways ,Suite 828 ,Jamesburgh,OK,29604,H-DOG6764108
09041 Morse Via,09041 Morse Via ,,Stevensonbury,WV,89197,H-DOG6463761
3160 Austin Islands,3160 Austin Islands ,,Williamside,VT,79032,H-DOG3543434
128 Patrick Valleys Suite 204,128 Patrick Valleys ,Suite 204 ,Coreymouth,CT,20255,H-MOM6276714
61388 Williams Fall,61388 Williams Fall ,,Kirbyview,MS,37008,H-MOM4547937
8949 Yvonne Knolls Suite 785,8949 Yvonne Knolls ,Suite 785 ,Arthurstad,DE,52915,H-MOM8176651
51538 Wright Manor North,51538 Wright Manor North ,,Jeffreyfurt,NY,14237,H-MOM7000147
3191 Phillip Drive Suite 379,3191 Phillip Drive ,Suite 379 ,South Dianaland,TX,66403,H-DOG1709614
434 Adams Ports,434 Adams Ports ,,Kimberlymouth,HI,48287,H-MOM3920166
644 Andrew Causeway,644 Andrew Causeway ,,Hernandezville,WI,65245,H-DOG6571505
247 Rollins Wells Apt. 102,247 Rollins Wells ,Apt. 102 ,Jennifertown,VA,07221,H-MOM5648702
519 Davis Port,519 Davis Port ,,Lake Joshuaton,WV,09180,H-DOG3291810
2909 Walker Viaduct Suite 055,2909 Walker Viaduct ,Suite 055 ,Johnathanside,DE,54373,H-MOM3895317
46701 Bush Extension Port,46701 Bush Extension Port ,,Ronniemouth,NY,27673,H-DOG6419609
24785 Boyd Ramp Suite 789,24785 Boyd Ramp ,Suite 789 ,Gomezburgh,ID,56163,H-MOM9637527
386 Mark Islands,386 Mark Islands ,,East Karen,KY,62276,H-DOG1191529
90126 Victoria Course Apt. 474,90126 Victoria Course ,Apt. 474 ,New Kristychester,ND,45671,H-DOG7975528
5572 Hayes Falls Apt. 441,5572 Hayes Falls ,Apt. 441 ,Allenfurt,MS,40231,H-DOG5583810
887 Lee Lodge,887 Lee Lodge ,,Dylanton,SC,21018,H-DOG6494277
5940 Jeffrey Manor,5940 Jeffrey Manor ,,Richardfort,ME,39758,H-DOG2215829
USCGC Jones,USCGC Jones ,,FPO,AA,85308,H-MOM6230501
80025 Ponce Shoal Suite 978,80025 Ponce Shoal ,Suite 978 ,East Danielmouth,AR,50933,H-DOG8820429
PSC 3098 Box 5480,PSC 3098 ,Box 5480 ,APO,AP,77608,H-DOG2963365
9520 Steele Key,9520 Steele Key ,,South Ruth,MN,72873,H-MOM9884363
879 Soto River Apt. 942,879 Soto River ,Apt. 942 ,Craigstad,ME,30255,H-MOM5149378
090 Paul Pines,090 Paul Pines ,,North Vincent,IA,69260,H-MOM7761863
890 Daniel Fords Apt. 181,890 Daniel Fords ,Apt. 181 ,West Jasonburgh,ND,78516,H-MOM4369681
64788 Sarah Fords Apt. 823,64788 Sarah Fords ,Apt. 823 ,Andrewfort,OK,40852,H-DOG5871790
628 Perez Streets Apt. 887,628 Perez Streets ,Apt. 887 ,West Ryanshire,NV,07937,H-MOM5328624
831 Williams Courts,831 Williams Courts ,,West Antonio,CA,34445,H-DOG7838034
99015 Thompson Plaza Apt. 719,99015 Thompson Plaza ,Apt. 719 ,Triciaview,WV,78536,H-MOM7175700
483 Ann Inlet Suite 638,483 Ann Inlet ,Suite 638 ,Davidland,IL,33174,H-MOM8296043
282 Riggs Canyon Apt. 549,282 Riggs Canyon ,Apt. 549 ,Cheryltown,NH,14474,H-DOG8746206
968 Brown Cliff,968 Brown Cliff ,,Lake Shannonmouth,AR,61802,H-DOG9486498
8223 Mclean Court Suite 830,8223 Mclean Court ,Suite 830 ,New Seanshire,MS,92037,H-DOG3484057
USNS White,USNS White ,,FPO,AE,40429,H-MOM1789450
587 Caitlyn Centers,587 Caitlyn Centers ,,Stephenchester,MD,46368,H-MOM5889504
USNS Little,USNS Little ,,FPO,AE,56968,H-DOG6247967
047 Schmidt Station,047 Schmidt Station ,,West Nicole,GA,03258,H-DOG5527157
607 David Circles,607 David Circles ,,East Bridget,IN,46645,H-DOG5379311
19121 Mann Highway Apt. 269,19121 Mann Highway ,Apt. 269 ,Dakotastad,CO,85516,H-DOG3882346
1398 Walsh River Suite 744,1398 Walsh River ,Suite 744 ,Raystad,TN,79211,H-MOM1177020
PSC 7109 Box 5465,PSC 7109 ,Box 5465 ,APO,AE,40054,H-MOM2043202
58606 Carolyn Rapids Apt. 535,58606 Carolyn Rapids ,Apt. 535 ,South Natalieview,MI,21686,H-MOM9015515
10542 Erika Ferry Suite 412,10542 Erika Ferry ,Suite 412 ,South Gabrielland,CA,13299,H-MOM6488199
3333 Kim Coves Apt. 462,3333 Kim Coves ,Apt. 462 ,Deborahburgh,CA,58631,H-MOM4383451
087 Lee Manors,087 Lee Manors ,,Torresport,UT,72643,H-MOM9881217
663 Rice Viaduct South,663 Rice Viaduct South ,,Gabriellashire,TX,92582,H-MOM8362080
USS Villanueva,USS Villanueva ,,FPO,AP,42349,H-MOM3341892
86448 Winters Landing Apt. 530,86448 Winters Landing ,Apt. 530 ,Janeport,RI,57306,H-MOM7733298
802 Joshua Mills,802 Joshua Mills ,,Angelstad,GA,29932,H-MOM5674137
97872 Angela Garden Port,97872 Angela Garden Port ,,Ryanside,OR,88104,H-DOG3973572
PSC 0805 Box 9001,PSC 0805 ,Box 9001 ,APO,AE,21810,H-MOM5969489
818 Mark Square,818 Mark Square ,,South Ericberg,NY,60993,H-MOM6302192
509 Giles Valleys,509 Giles Valleys ,,Catherineside,SD,45408,H-DOG9885476
4325 Zhang Knolls,4325 Zhang Knolls ,,West Susan,OH,82072,H-DOG9302576
646 Castro Stravenue,646 Castro Stravenue ,,West Michaelstad,AL,35359,H-MOM3958677
61454 Avery Brook South,61454 Avery Brook South ,,Tracy,ND,42397,H-MOM8577880
832 John Square Port,832 John Square Port ,,Laura,ME,30213,H-DOG8961735
146 Kevin Union Apt. 967,146 Kevin Union ,Apt. 967 ,Tammieburgh,NC,86843,H-MOM9516004
80991 Moss Keys,80991 Moss Keys ,,Kristinshire,UT,50847,H-MOM1860230
883 Melissa Unions Suite 534,883 Melissa Unions ,Suite 534 ,Albertmouth,OK,58540,H-DOG7479227
8985 Daniel Mill Suite 073,8985 Daniel Mill ,Suite 073 ,Port Bethborough,OH,93235,H-DOG2578073
33826 Schwartz Harbor Apt. 860,33826 Schwartz Harbor ,Apt. 860 ,Brownmouth,NV,74950,H-DOG5320855
84403 Coleman Spur Apt. 493,84403 Coleman Spur ,Apt. 493 ,Port Michaelmouth,NE,25485,H-MOM7082909
USNV Gomez,USNV Gomez ,,FPO,AP,51079,H-MOM5294769
92339 Evans Flats Suite 556,92339 Evans Flats ,Suite 556 ,Jarvischester,ND,05016,H-DOG6664851
02639 Jacobs Coves East,02639 Jacobs Coves East ,,Amberton,LA,44296,H-MOM3667074
1098 Paul Plain,1098 Paul Plain ,,Lake Andrea,OR,20696,H-MOM9219601
PSC 8916 Box 9355,PSC 8916 ,Box 9355 ,APO,AE,94150,H-MOM6395822
096 Deborah Meadows,096 Deborah Meadows ,,Andersonstad,FL,19637,H-MOM1911694
PSC 2665 Box 6215,PSC 2665 ,Box 6215 ,APO,AA,43395,H-MOM6104085
683 Roberts Via Apt. 372,683 Roberts Via ,Apt. 372 ,East Brian,MS,41742,H-DOG7692442
USNV Chapman,USNV Chapman ,,FPO,AA,84313,H-MOM5450289
7587 Waters Point East,7587 Waters Point East ,,David,TN,80143,H-MOM1009503
590 Ortega Point Suite 044,590 Ortega Point ,Suite 044 ,Romanshire,OR,35946,H-DOG2180984
075 Rivera Drives Suite 566,075 Rivera Drives ,Suite 566 ,Arielhaven,OR,83843,H-DOG4794419
2676 Patrick Spurs Suite 473,2676 Patrick Spurs ,Suite 473 ,Elizabethside,AK,76369,H-DOG6600218
103 Pruitt Village,103 Pruitt Village ,,New Katherine,IN,11244,H-DOG8657159
5220 Gregory Trail,5220 Gregory Trail ,,New Nicholas,IN,89534,H-MOM4136316
965 Erin Shore Suite 796,965 Erin Shore ,Suite 796 ,Harpershire,DE,61350,H-DOG7426408
431 Jacqueline Plaza East,431 Jacqueline Plaza East ,,Davidfurt,VT,29994,H-MOM9797419
02149 Bailey Circle Suite 470,02149 Bailey Circle ,Suite 470 ,Lake Kimberlymouth,VT,75675,H-DOG9548623
44915 Clayton Stream Suite 928,44915 Clayton Stream ,Suite 928 ,Sandersmouth,MD,10688,H-DOG5857267
654 Wilson Mission Suite 626,654 Wilson Mission ,Suite 626 ,New Josefurt,VA,84198,H-MOM7181904
2666 Emily Shoals,2666 Emily Shoals ,,Lake Tracyberg,TX,00543,H-DOG2669322
533 Benjamin Parkways,533 Benjamin Parkways ,,Fordbury,NY,90829,H-DOG2196210
87847 Roberta Groves,87847 Roberta Groves ,,Larsonhaven,MA,66630,H-MOM3900194
9349 Chapman Mountain,9349 Chapman Mountain ,,East Angela,OH,51145,H-MOM3642736
37027 Fritz Mountain,37027 Fritz Mountain ,,Williamsshire,MS,02733,H-MOM4447523
7558 Nicholas Heights,7558 Nicholas Heights ,,Whitetown,WA,17558,H-MOM1694178
90422 Newman Centers,90422 Newman Centers ,,Boyleside,CO,66973,H-MOM5793017
97858 Travis Parkway,97858 Travis Parkway ,,New Waynestad,DC,71610,H-DOG7337837
48257 Walker Valleys Apt. 501,48257 Walker Valleys ,Apt. 501 ,Lake Elizabeth,OK,21195,H-DOG7851817
017 Clark Lake Apt. 856,017 Clark Lake ,Apt. 856 ,Larsonfurt,GA,53942,H-MOM5698978
77072 Benjamin Key Apt. 230,77072 Benjamin Key ,Apt. 230 ,North Jeremyport,FL,86185,H-DOG7134672
274 Mcguire Row Apt. 776,274 Mcguire Row ,Apt. 776 ,North Julie,KS,01161,H-DOG8537237
2990 Lopez Trail Apt. 118,2990 Lopez Trail ,Apt. 118 ,Darrenstad,ID,18393,H-MOM3933818
1448 Price Corners,1448 Price Corners ,,Lake William,LA,23121,H-DOG4095824
273 Destiny Squares Apt. 893,273 Destiny Squares ,Apt. 893 ,New Samantha,NM,59388,H-DOG9907040
1260 Abigail Villages,1260 Abigail Villages ,,New Cameronchester,IN,40536,H-DOG5247838
88300 Nelson Road,88300 Nelson Road ,,Johnport,MN,78223,H-MOM4490759
USCGC Brown,USCGC Brown ,,FPO,AP,85907,H-DOG1286960
30594 Lawrence Valleys Apt. 943,30594 Lawrence Valleys ,Apt. 943 ,Gabrielmouth,NH,09053,H-DOG6628520
02099 Jacqueline Tunnel,02099 Jacqueline Tunnel ,,North Robertbury,AZ,36252,H-DOG9116371
282 Chad Ridge,282 Chad Ridge ,,Delgadohaven,ME,07916,H-DOG7151845
8598 Taylor Alley Apt. 662,8598 Taylor Alley ,Apt. 662 ,South Michaelfurt,MN,83169,H-DOG5194716
2878 Anderson Route,2878 Anderson Route ,,New Bethton,NY,14736,H-DOG6204873
8741 Morris Motorway,8741 Morris Motorway ,,Phillipstown,VT,72698,H-DOG6768546
049 Sharon River Suite 050,049 Sharon River ,Suite 050 ,Lake Roberthaven,CA,40799,H-MOM7721959
41704 Schmidt Flats,41704 Schmidt Flats ,,Erintown,NE,37771,H-DOG5310025
622 Bailey Parkways Suite 460,622 Bailey Parkways ,Suite 460 ,Kellyton,NC,08062,H-MOM2253839
5477 Tristan Unions Apt. 074,5477 Tristan Unions ,Apt. 074 ,Sandersmouth,ME,03063,H-DOG9943203
7662 Greg Club,7662 Greg Club ,,Brownview,MN,55766,H-MOM1043589
366 Grant Islands,366 Grant Islands ,,Seanchester,ID,15962,H-DOG4624834
797 Robinson Prairie,797 Robinson Prairie ,,Garciashire,AR,95763,H-MOM9494049
14355 Villarreal Parkways,14355 Villarreal Parkways ,,Lake Christianmouth,NH,09423,H-MOM3883579
6019 Montoya Street Apt. 091,6019 Montoya Street ,Apt. 091 ,Michaelfurt,MT,62091,H-DOG8853275
969 Matthew Trail Suite 191,969 Matthew Trail ,Suite 191 ,South Laura,NH,39822,H-MOM3827368
2750 Hood Village,2750 Hood Village ,,New Rebeccaport,UT,82849,H-MOM6379931
902 Craig Walk Apt. 751,902 Craig Walk ,Apt. 751 ,Justinview,AK,53470,H-DOG3796269
88298 Bates Island Apt. 964,88298 Bates Island ,Apt. 964 ,Goodwinberg,AZ,66093,H-DOG9273717
37718 Madeline Skyway Suite 142,37718 Madeline Skyway ,Suite 142 ,Theresachester,CT,31088,H-DOG2609329
901 Karen Mission,901 Karen Mission ,,Port Scott,WY,83145,H-DOG2316265
USCGC Johnson,USCGC Johnson ,,FPO,AE,03867,H-MOM4040556
94213 Clark Cliffs Apt. 013,94213 Clark Cliffs ,Apt. 013 ,Martinmouth,TX,91091,H-DOG4963776
725 Flores Dam Port,725 Flores Dam Port ,,Marytown,NM,13104,H-MOM1950003
3764 Dickerson Walks East,3764 Dickerson Walks East ,,Sherriland,IN,42404,H-DOG4399900
859 Amanda Spring,859 Amanda Spring ,,Ashleyton,OH,52155,H-MOM5914170
554 Charles Park,554 Charles Park ,,Lake Brittany,MI,77925,H-MOM3360010
4615 Rodriguez Hollow Suite 577,4615 Rodriguez Hollow ,Suite 577 ,Kimberlyberg,NJ,06907,H-DOG4815319
063 Nicolas Ferry,063 Nicolas Ferry ,,Smithview,NY,00872,H-DOG8665446
4485 David Greens,4485 David Greens ,,Lake Justinmouth,WI,62943,H-MOM4105381
1965 Todd Plaza Apt. 804,1965 Todd Plaza ,Apt. 804 ,Arnoldfort,KS,96283,H-DOG3169752
855 Butler Lodge,855 Butler Lodge ,,Vanessatown,NY,59962,H-MOM5977406
18680 Yolanda Glens West,18680 Yolanda Glens West ,,Nicole,NY,67082,H-MOM3503312
PSC 2452 Box 7612,PSC 2452 ,Box 7612 ,APO,AE,43250,H-DOG1803642
6386 Deborah Village Apt. 275,6386 Deborah Village ,Apt. 275 ,Johnsonside,DC,08462,H-MOM1544470
41209 Obrien Fords West,41209 Obrien Fords West ,,John,VA,72473,H-DOG7828905
031 Yvonne Plaza Port,031 Yvonne Plaza Port ,,Lisatown,OR,59569,H-DOG1077152
441 Tate Plains,441 Tate Plains ,,Baxterhaven,NJ,49515,H-MOM8046248
9513 Glen Harbors,9513 Glen Harbors ,,New William,NC,21497,H-DOG5197440
9480 Julia Point Apt. 171,9480 Julia Point ,Apt. 171 ,Taylortown,AZ,96359,H-MOM9120032
601 Dixon Expressway Suite 015,601 Dixon Expressway ,Suite 015 ,Mercadoburgh,RI,49743,H-DOG4291520
1084 Kramer Light,1084 Kramer Light ,,Lake Bobby,HI,15236,H-MOM2623406
89690 Cooper Branch,89690 Cooper Branch ,,Davidbury,MD,48349,H-MOM1044531
03518 John Street,03518 John Street ,,North Angelicamouth,ID,79624,H-DOG9870607
USNS Lowe,USNS Lowe ,,FPO,AP,29473,H-DOG1529171
1214 Tammy Lights Suite 782,1214 Tammy Lights ,Suite 782 ,New Lisahaven,MS,01822,H-DOG1220239
211 Jonathan Summit Apt. 032,211 Jonathan Summit ,Apt. 032 ,Bakerbury,IA,70713,H-MOM7753625
72733 Jackson Shores,72733 Jackson Shores ,,Trujilloland,CT,93121,H-DOG3968603
95621 Jones Ports Suite 525,95621 Jones Ports ,Suite 525 ,New Julieview,AK,15383,H-DOG9820199
PSC 3675 Box 8125,PSC 3675 ,Box 8125 ,APO,AE,94873,H-MOM1887840
6363 David Hollow East,6363 David Hollow East ,,Stevenfort,MI,70616,H-DOG9092944
79850 Pratt Highway Apt. 482,79850 Pratt Highway ,Apt. 482 ,West Ann,MD,81035,H-MOM1580541
0366 Barrett Corner,0366 Barrett Corner ,,New Kathryn,CO,83314,H-DOG8019690
825 Gomez Causeway Suite 951,825 Gomez Causeway ,Suite 951 ,Brooksfurt,OR,96946,H-MOM6415857
768 Christian Neck Apt. 620,768 Christian Neck ,Apt. 620 ,Lake Hannah,NC,09625,H-DOG2833121
56682 Byrd Row Suite 479,56682 Byrd Row ,Suite 479 ,Lake Jamesstad,MN,50803,H-MOM4883366
307 Holland Estates,307 Holland Estates ,,East James,KS,19139,H-MOM3565489
474 David Squares,474 David Squares ,,Brookestad,KY,41853,H-DOG2416957
41520 Eric Flats Apt. 003,41520 Eric Flats ,Apt. 003 ,Meyermouth,MO,16265,H-MOM7925545
732 Hurley Stravenue,732 Hurley Stravenue ,,Timothychester,WA,30102,H-MOM6660674
2206 William Cape,2206 William Cape ,,Sharichester,LA,14509,H-MOM1598801
09304 Hernandez Flats Apt. 694,09304 Hernandez Flats ,Apt. 694 ,Jonathanberg,MD,11559,H-MOM9992572
81368 Bruce Rue,81368 Bruce Rue ,,Cassandrachester,CA,67688,H-MOM2876877
98682 Kevin Via Apt. 964,98682 Kevin Via ,Apt. 964 ,East James,WV,51118,H-MOM3221329
5490 Henry Walk Apt. 831,5490 Henry Walk ,Apt. 831 ,Andreaville,NJ,14131,H-MOM7500713
377 Kathleen Summit,377 Kathleen Summit ,,Nguyenshire,UT,69380,H-MOM8588478
406 Amy Ramp,406 Amy Ramp ,,Chenstad,AZ,48264,H-MOM2455299
1802 Meyer Stream,1802 Meyer Stream ,,Lake Amy,NH,90644,H-MOM9180342
491 Esparza Terrace Apt. 160,491 Esparza Terrace ,Apt. 160 ,Colemanburgh,RI,76495,H-DOG6472142
698 Nelson Course Suite 111,698 Nelson Course ,Suite 111 ,South Amberside,FL,20109,H-MOM4060189
USNS Powell,USNS Powell ,,FPO,AA,63747,H-DOG2642016
6168 Savage Land,6168 Savage Land ,,East Whitney,IN,49497,H-MOM4038023
USNV Dunn,USNV Dunn ,,FPO,AP,26944,H-DOG2058993
8017 Moore Vista Suite 129,8017 Moore Vista ,Suite 129 ,Brownport,CT,22133,H-MOM9729844
48128 Alexandra Estate Apt. 220,48128 Alexandra Estate ,Apt. 220 ,Mackenzieburgh,MS,71104,H-DOG2321071
8246 Joshua Glens,8246 Joshua Glens ,,New Jared,MS,33939,H-DOG4748150
89367 Brown Glens Suite 747,89367 Brown Glens ,Suite 747 ,Ginaborough,MT,45828,H-MOM3693713
22295 April Estate,22295 April Estate ,,Doyleborough,NY,19865,H-MOM9094295
1931 Karen Turnpike,1931 Karen Turnpike ,,Charlotteton,AZ,73822,H-MOM9528285
PSC 0464 Box 0783,PSC 0464 ,Box 0783 ,APO,AA,69609,H-MOM3856550
PSC 7277 Box 3237,PSC 7277 ,Box 3237 ,APO,AP,72602,H-DOG6072704
518 Collins Groves,518 Collins Groves ,,East Joe,LA,39720,H-DOG2439019
96069 Susan Lake,96069 Susan Lake ,,East Lisafurt,FL,57274,H-DOG5614328
86328 Derek Street,86328 Derek Street ,,Lake Briannaberg,KY,99897,H-MOM2944311
0580 Barr Falls Apt. 242,0580 Barr Falls ,Apt. 242 ,Amyfort,DC,81794,H-MOM3597334
749 Coffey Burg North,749 Coffey Burg North ,,Angelaland,DC,51640,H-MOM2270230
USNV Cole,USNV Cole ,,FPO,AE,52574,H-MOM2354242
768 Berger Landing Suite 522,768 Berger Landing ,Suite 522 ,Gregorybury,CT,62332,H-MOM3210123
69785 Jennifer Spurs,69785 Jennifer Spurs ,,Lisafort,NY,77339,H-DOG7360126
723 Reynolds Groves Port,723 Reynolds Groves Port ,,Lauraberg,DC,91193,H-DOG8972161
6065 Caitlin Crossing Suite 719,6065 Caitlin Crossing ,Suite 719 ,Sharpside,MT,74113,H-MOM5897968
01563 Walker Locks West,01563 Walker Locks West ,,Robertville,FL,87625,H-DOG5297169
25513 Matthew Fords Apt. 757,25513 Matthew Fords ,Apt. 757 ,Davidborough,IN,46591,H-DOG9836619
20909 Barton Station,20909 Barton Station ,,New Paulfort,AZ,83269,H-MOM9544240
53541 Hughes Trail Apt. 095,53541 Hughes Trail ,Apt. 095 ,Davidsonchester,UT,58415,H-MOM6855480
18206 Bass Summit,18206 Bass Summit ,,Robertburgh,MS,19899,H-MOM8667267
75085 Heather Canyon,75085 Heather Canyon ,,North Jessica,UT,49575,H-DOG6337994
635 Scott Center Apt. 015,635 Scott Center ,Apt. 015 ,Harryton,NE,21499,H-MOM5854919
912 Turner Place,912 Turner Place ,,Campbellberg,MS,78948,H-MOM2038860
28616 Tony Camp,28616 Tony Camp ,,Ericmouth,WA,97789,H-DOG4850705
19668 Lori Coves Port,19668 Lori Coves Port ,,Daltonfort,MD,67270,H-DOG1345113
4162 Bennett Union Apt. 549,4162 Bennett Union ,Apt. 549 ,East Carlos,NV,99261,H-MOM5411198
96178 Matthews Mount,96178 Matthews Mount ,,Ashleeton,RI,62953,H-MOM3723881
248 Julie Underpass,248 Julie Underpass ,,Charlesview,WI,76924,H-DOG7575514
1578 Island Apt. 719,1578 Island ,Apt. 719 ,South Nicole,KY,14488,H-DOG1119345
58161 Ryan Courts Apt. 365,58161 Ryan Courts ,Apt. 365 ,Allenhaven,ND,46486,H-DOG9260909
321 Ramirez Trafficway Suite 279,321 Ramirez Trafficway ,Suite 279 ,Lake Michael,WY,60515,H-DOG3680859
35516 Stacy Expressway,35516 Stacy Expressway ,,Andersonberg,MD,33424,H-DOG1869914
172 Nancy Dale,172 Nancy Dale ,,Lake Stephanie,MA,43266,H-DOG9947992
PSC 3961 Box 6600,PSC 3961 ,Box 6600 ,APO,AE,27752,H-DOG4627400
303 Peter Station,303 Peter Station ,,West Cameron,AK,89406,H-MOM5540391
00970 Carson Pines,00970 Carson Pines ,,Cuevasmouth,WY,33895,H-MOM6408113
46173 Jeffrey Orchard,46173 Jeffrey Orchard ,,Derrickborough,NM,29507,H-MOM2599294
9469 Chase Wells South,9469 Chase Wells South ,,Jessebury,TX,76715,H-DOG1919744
732 Jessica Drive,732 Jessica Drive ,,Mcintoshmouth,NJ,47046,H-MOM9999035
1493 Medina Mountains Port,1493 Medina Mountains Port ,,Aprilhaven,AL,05432,H-MOM6012562
55839 Valerie Highway,55839 Valerie Highway ,,Mooneytown,DE,06347,H-MOM3600003
7392 Glenn Inlet West,7392 Glenn Inlet West ,,Dalton,AK,44849,H-DOG3558772
30651 Claudia Circle,30651 Claudia Circle ,,Benjaminberg,UT,18365,H-DOG8388578
USCGC Vega,USCGC Vega ,,FPO,AP,52403,H-MOM8231701
31841 Mendoza Summit Suite 612,31841 Mendoza Summit ,Suite 612 ,Lake Danielborough,MT,93570,H-MOM3051404
0144 Johnston Keys Suite 185,0144 Johnston Keys ,Suite 185 ,Rogerborough,MO,96637,H-MOM6231423
6821 Daryl Light,6821 Daryl Light ,,Timothystad,ME,14854,H-MOM8313596
22995 Castillo Neck,22995 Castillo Neck ,,Jeffreyside,OK,63943,H-MOM3829817
299 Boone Hollow Apt. 553,299 Boone Hollow ,Apt. 553 ,North Davidview,IA,29036,H-MOM7641995
694 Melissa Terrace,694 Melissa Terrace ,,Ellisview,IL,86780,H-DOG3669870
168 John Courts Suite 548,168 John Courts ,Suite 548 ,New Katie,RI,04333,H-MOM7366254
4250 Hoffman Plains Suite 104,4250 Hoffman Plains ,Suite 104 ,Vaughnbury,MD,06772,H-DOG8258905
20657 Acevedo Knolls,20657 Acevedo Knolls ,,Gonzalezborough,MI,21421,H-DOG5879775
0089 Wilson Stream,0089 Wilson Stream ,,South Lindafurt,NM,97504,H-DOG9353077
95491 Ryan Fields,95491 Ryan Fields ,,Richardstad,MA,15280,H-MOM5880899
